Image Filename,Weight
1672_192.jpg,192.0
1670_160.jpg,160.0
1674_102.jpg,102.0
1669_122.jpg,122.0
1677_136.jpg,136.0
1676_111.jpg,111.0
1680_156.jpg,156.0
1679_133.jpg,133.0
1675_104.jpg,104.0
1678_204.jpg,204.0
1681_166.jpg,166.0
1683_193.jpg,193.0
1685_131.jpg,131.0
1686_147.jpg,147.0
1687_194.jpg,194.0
1682_169.jpg,169.0
1684_119.jpg,119.0
1689_131.jpg,131.0
1688_109.jpg,109.0
1693_117.jpg,117.0
1690_146.jpg,146.0
1691_194.jpg,194.0
1692_253.jpg,253.0
1695_194.jpg,194.0
1697_99.jpg,99.0
1698_122.jpg,122.0
1694_148.jpg,148.0
1696_250.jpg,250.0
1699_138.jpg,138.0
1704_104.jpg,104.0
1705_129.jpg,129.0
1706_163.jpg,163.0
1701_204.jpg,204.0
1702_215.jpg,215.0
1700_194.jpg,194.0
1707_194.jpg,194.0
1712_163.jpg,163.0
1711_154.jpg,154.0
1710_148.jpg,148.0
1709_120.jpg,120.0
1708_297.jpg,297.0
1713_146.jpg,146.0
1718_128.jpg,128.0
1719_150.jpg,150.0
1715_194.jpg,194.0
1717_99.jpg,99.0
1716_78.jpg,78.0
1714_158.jpg,158.0
1725_197.jpg,197.0
1722_196.jpg,196.0
1723_104.jpg,104.0
1721_179.jpg,179.0
1724_156.jpg,156.0
1720_159.jpg,159.0
1729_114.jpg,114.0
1731_132.jpg,132.0
1728_102.jpg,102.0
1726_200.jpg,200.0
1730_126.jpg,126.0
1727_99.jpg,99.0
1732_202.jpg,202.0
1736_192.jpg,192.0
1734_156.jpg,156.0
1733_236.jpg,236.0
1738_99.jpg,99.0
1735_176.jpg,176.0
1737_197.jpg,197.0
1740_129.jpg,129.0
1739_123.jpg,123.0
1741_140.jpg,140.0
1744_123.jpg,123.0
1742_187.jpg,187.0
1745_128.jpg,128.0
1743_197.jpg,197.0
1748_197.jpg,197.0
1747_179.jpg,179.0
1751_167.jpg,167.0
1750_135.jpg,135.0
1749_131.jpg,131.0
1746_143.jpg,143.0
1761_144.jpg,144.0
1752_197.jpg,197.0
1760_131.jpg,131.0
1762_187.jpg,187.0
1763_197.jpg,197.0
1753_90.jpg,90.0
1764_120.jpg,120.0
1765_179.jpg,179.0
1768_102.jpg,102.0
1769_106.jpg,106.0
1766_211.jpg,211.0
1770_131.jpg,131.0
1767_96.jpg,96.0
1771_197.jpg,197.0
1774_131.jpg,131.0
1772_255.jpg,255.0
1775_137.jpg,137.0
1776_197.jpg,197.0
1773_104.jpg,104.0
1777_262.jpg,262.0
1778_117.jpg,117.0
1781_217.jpg,217.0
1780_197.jpg,197.0
1782_78.jpg,78.0
1779_174.jpg,174.0
1787_219.jpg,219.0
1785_197.jpg,197.0
1783_131.jpg,131.0
1788_100.jpg,100.0
1786_199.jpg,199.0
1784_192.jpg,192.0
1790_106.jpg,106.0
1792_118.jpg,118.0
1791_114.jpg,114.0
1789_103.jpg,103.0
1793_156.jpg,156.0
359_207.jpg,207.0
372_68.jpg,68.0
1795_129.jpg,129.0
355_204.jpg,204.0
1798_177.jpg,177.0
390_199.jpg,199.0
903_181.jpg,181.0
399_621.jpg,621.0
376_73.jpg,73.0
395_200.jpg,200.0
405_92.jpg,92.0
1340_117.jpg,117.0
1816_119.jpg,119.0
414_168.jpg,168.0
419_199.jpg,199.0
430_90.jpg,90.0
423_224.jpg,224.0
442_159.jpg,159.0
460_95.jpg,95.0
453_199.jpg,199.0
462_114.jpg,114.0
447_192.jpg,192.0
470_180.jpg,180.0
1852_102.jpg,102.0
506_360.jpg,360.0
500_199.jpg,199.0
1898_104.jpg,104.0
1940_102.jpg,102.0
475_181.jpg,181.0
492_149.jpg,149.0
478_199.jpg,199.0
526_163.jpg,163.0
1976_109.jpg,109.0
515_155.jpg,155.0
521_199.jpg,199.0
510_150.jpg,150.0
548_159.jpg,159.0
538_104.jpg,104.0
553_202.jpg,202.0
2019_102.jpg,102.0
536_82.jpg,82.0
42_111.jpg,111.0
560_144.jpg,144.0
593_172.jpg,172.0
569_183.jpg,183.0
574_202.jpg,202.0
563_146.jpg,146.0
77_111.jpg,111.0
589_168.jpg,168.0
108_104.jpg,104.0
606_114.jpg,114.0
600_99.jpg,99.0
596_203.jpg,203.0
614_118.jpg,118.0
621_131.jpg,131.0
654_194.jpg,194.0
623_147.jpg,147.0
646_177.jpg,177.0
147_117.jpg,117.0
640_131.jpg,131.0
667_181.jpg,181.0
658_164.jpg,164.0
669_187.jpg,187.0
190_148.jpg,148.0
676_204.jpg,204.0
230_140.jpg,140.0
689_148.jpg,148.0
712_142.jpg,142.0
706_72.jpg,72.0
703_204.jpg,204.0
272_138.jpg,138.0
694_162.jpg,162.0
729_94.jpg,94.0
720_172.jpg,172.0
744_203.jpg,203.0
328_143.jpg,143.0
724_204.jpg,204.0
737_177.jpg,177.0
378_129.jpg,129.0
751_248.jpg,248.0
747_204.jpg,204.0
754_146.jpg,146.0
768_204.jpg,204.0
762_155.jpg,155.0
431_140.jpg,140.0
481_109.jpg,109.0
777_152.jpg,152.0
794_204.jpg,204.0
796_96.jpg,96.0
787_196.jpg,196.0
805_160.jpg,160.0
2065_167.jpg,167.0
812_297.jpg,297.0
2032_197.jpg,197.0
529_125.jpg,125.0
810_204.jpg,204.0
2035_168.jpg,168.0
2033_206.jpg,206.0
2155_159.jpg,159.0
2036_170.jpg,170.0
2034_160.jpg,160.0
2042_150.jpg,150.0
2039_109.jpg,109.0
2040_114.jpg,114.0
2038_208.jpg,208.0
2041_115.jpg,115.0
2237_104.jpg,104.0
2044_147.jpg,147.0
2043_77.jpg,77.0
2045_152.jpg,152.0
2458_117.jpg,117.0
2047_209.jpg,209.0
2049_185.jpg,185.0
2591_140.jpg,140.0
2048_168.jpg,168.0
2050_202.jpg,202.0
2051_209.jpg,209.0
2542_156.jpg,156.0
2053_167.jpg,167.0
2056_209.jpg,209.0
2054_174.jpg,174.0
2052_155.jpg,155.0
2059_211.jpg,211.0
2057_180.jpg,180.0
2648_134.jpg,134.0
2058_183.jpg,183.0
2060_144.jpg,144.0
2061_155.jpg,155.0
2712_133.jpg,133.0
2062_168.jpg,168.0
2063_211.jpg,211.0
2068_180.jpg,180.0
2066_156.jpg,156.0
2067_160.jpg,160.0
2773_102.jpg,102.0
2069_211.jpg,211.0
2071_156.jpg,156.0
2072_204.jpg,204.0
2070_155.jpg,155.0
2026_149.jpg,149.0
2027_140.jpg,140.0
2076_211.jpg,211.0
2075_160.jpg,160.0
2074_144.jpg,144.0
2077_147.jpg,147.0
2079_179.jpg,179.0
2028_146.jpg,146.0
2078_171.jpg,171.0
2029_122.jpg,122.0
2081_149.jpg,149.0
2080_211.jpg,211.0
2085_229.jpg,229.0
2083_160.jpg,160.0
2084_211.jpg,211.0
2088_146.jpg,146.0
2089_167.jpg,167.0
2086_114.jpg,114.0
2087_115.jpg,115.0
2030_104.jpg,104.0
2031_106.jpg,106.0
2090_180.jpg,180.0
2092_119.jpg,119.0
2093_153.jpg,153.0
2096_156.jpg,156.0
2095_213.jpg,213.0
2094_211.jpg,211.0
2037_153.jpg,153.0
2098_212.jpg,212.0
2046_122.jpg,122.0
2099_233.jpg,233.0
2097_177.jpg,177.0
2101_139.jpg,139.0
2055_125.jpg,125.0
2102_160.jpg,160.0
2104_214.jpg,214.0
2103_177.jpg,177.0
2106_170.jpg,170.0
2108_214.jpg,214.0
2105_126.jpg,126.0
2107_209.jpg,209.0
2073_140.jpg,140.0
2111_215.jpg,215.0
2110_199.jpg,199.0
2113_83.jpg,83.0
2112_219.jpg,219.0
2064_195.jpg,195.0
2115_200.jpg,200.0
2114_153.jpg,153.0
2116_215.jpg,215.0
2119_190.jpg,190.0
2082_149.jpg,149.0
2117_216.jpg,216.0
2091_120.jpg,120.0
2122_90.jpg,90.0
2121_217.jpg,217.0
2123_172.jpg,172.0
2120_202.jpg,202.0
2128_170.jpg,170.0
2125_218.jpg,218.0
2124_177.jpg,177.0
2100_102.jpg,102.0
2126_154.jpg,154.0
2129_186.jpg,186.0
2130_218.jpg,218.0
2109_134.jpg,134.0
2118_106.jpg,106.0
2133_90.jpg,90.0
2131_186.jpg,186.0
2132_218.jpg,218.0
2138_94.jpg,94.0
2137_181.jpg,181.0
2135_141.jpg,141.0
2134_114.jpg,114.0
2139_140.jpg,140.0
2140_159.jpg,159.0
2127_123.jpg,123.0
2141_172.jpg,172.0
2143_125.jpg,125.0
2142_218.jpg,218.0
2136_107.jpg,107.0
2144_181.jpg,181.0
2146_190.jpg,190.0
2145_125.jpg,125.0
2147_218.jpg,218.0
2149_161.jpg,161.0
2150_218.jpg,218.0
2148_133.jpg,133.0
2151_79.jpg,79.0
2152_125.jpg,125.0
2154_102.jpg,102.0
2157_226.jpg,226.0
2153_147.jpg,147.0
2164_117.jpg,117.0
2156_219.jpg,219.0
2159_176.jpg,176.0
2160_219.jpg,219.0
2158_150.jpg,150.0
2162_106.jpg,106.0
2161_239.jpg,239.0
2165_204.jpg,204.0
2173_102.jpg,102.0
2163_125.jpg,125.0
2168_131.jpg,131.0
2182_104.jpg,104.0
2166_219.jpg,219.0
2167_111.jpg,111.0
2169_158.jpg,158.0
2170_219.jpg,219.0
2191_134.jpg,134.0
2171_153.jpg,153.0
2174_167.jpg,167.0
2172_164.jpg,164.0
2200_102.jpg,102.0
2176_120.jpg,120.0
2175_220.jpg,220.0
2179_220.jpg,220.0
2178_143.jpg,143.0
2180_149.jpg,149.0
2177_133.jpg,133.0
2209_131.jpg,131.0
2181_160.jpg,160.0
2183_220.jpg,220.0
2184_85.jpg,85.0
2218_106.jpg,106.0
2189_87.jpg,87.0
2187_201.jpg,201.0
2186_117.jpg,117.0
2185_114.jpg,114.0
2188_222.jpg,222.0
2194_305.jpg,305.0
2193_251.jpg,251.0
2227_126.jpg,126.0
2190_170.jpg,170.0
2192_220.jpg,220.0
2235_120.jpg,120.0
2195_171.jpg,171.0
2197_220.jpg,220.0
2198_87.jpg,87.0
2236_148.jpg,148.0
2196_219.jpg,219.0
2201_172.jpg,172.0
2199_160.jpg,160.0
2202_221.jpg,221.0
2203_224.jpg,224.0
2204_167.jpg,167.0
2206_195.jpg,195.0
2207_222.jpg,222.0
2205_177.jpg,177.0
2238_149.jpg,149.0
2208_185.jpg,185.0
2210_206.jpg,206.0
2239_147.jpg,147.0
2212_223.jpg,223.0
2240_114.jpg,114.0
2211_208.jpg,208.0
2216_225.jpg,225.0
2215_206.jpg,206.0
2213_150.jpg,150.0
2241_106.jpg,106.0
2214_204.jpg,204.0
2219_164.jpg,164.0
2220_177.jpg,177.0
2242_114.jpg,114.0
2217_154.jpg,154.0
2221_226.jpg,226.0
2223_170.jpg,170.0
2225_229.jpg,229.0
2226_167.jpg,167.0
2224_209.jpg,209.0
2222_157.jpg,157.0
2246_136.jpg,136.0
2228_168.jpg,168.0
2297_154.jpg,154.0
2229_204.jpg,204.0
2230_229.jpg,229.0
2234_229.jpg,229.0
2231_164.jpg,164.0
2233_211.jpg,211.0
2245_126.jpg,126.0
2243_106.jpg,106.0
2244_114.jpg,114.0
2232_199.jpg,199.0
2248_102.jpg,102.0
2252_260.jpg,260.0
2250_188.jpg,188.0
2251_229.jpg,229.0
2249_160.jpg,160.0
2247_157.jpg,157.0
2255_190.jpg,190.0
2257_231.jpg,231.0
2259_152.jpg,152.0
2253_131.jpg,131.0
2258_128.jpg,128.0
2254_156.jpg,156.0
2256_194.jpg,194.0
2261_117.jpg,117.0
2264_233.jpg,233.0
2266_135.jpg,135.0
2265_123.jpg,123.0
2263_188.jpg,188.0
2260_232.jpg,232.0
2262_159.jpg,159.0
2268_234.jpg,234.0
2272_85.jpg,85.0
2271_239.jpg,239.0
2270_163.jpg,163.0
2267_160.jpg,160.0
2269_127.jpg,127.0
2275_239.jpg,239.0
2274_172.jpg,172.0
2277_132.jpg,132.0
2276_129.jpg,129.0
2278_135.jpg,135.0
2273_163.jpg,163.0
2282_135.jpg,135.0
2284_159.jpg,159.0
2279_194.jpg,194.0
2283_140.jpg,140.0
2281_106.jpg,106.0
2280_239.jpg,239.0
2288_129.jpg,129.0
2289_180.jpg,180.0
2287_123.jpg,123.0
2285_239.jpg,239.0
2286_114.jpg,114.0
2290_240.jpg,240.0
2292_115.jpg,115.0
2293_126.jpg,126.0
2296_147.jpg,147.0
2295_144.jpg,144.0
2294_138.jpg,138.0
2291_106.jpg,106.0
2302_104.jpg,104.0
2301_242.jpg,242.0
2304_140.jpg,140.0
2299_172.jpg,172.0
2298_131.jpg,131.0
2303_129.jpg,129.0
2300_194.jpg,194.0
2305_155.jpg,155.0
2308_172.jpg,172.0
2307_156.jpg,156.0
2310_216.jpg,216.0
2309_196.jpg,196.0
2306_243.jpg,243.0
2317_140.jpg,140.0
2315_216.jpg,216.0
2313_177.jpg,177.0
2314_179.jpg,179.0
2311_245.jpg,245.0
2312_106.jpg,106.0
2316_123.jpg,123.0
2324_199.jpg,199.0
2322_131.jpg,131.0
2321_104.jpg,104.0
2320_247.jpg,247.0
2318_179.jpg,179.0
2319_221.jpg,221.0
2323_134.jpg,134.0
2327_141.jpg,141.0
2329_224.jpg,224.0
2328_182.jpg,182.0
2326_128.jpg,128.0
2325_248.jpg,248.0
2330_250.jpg,250.0
2336_109.jpg,109.0
2331_102.jpg,102.0
2335_99.jpg,99.0
2333_164.jpg,164.0
2334_251.jpg,251.0
2339_179.jpg,179.0
2338_167.jpg,167.0
2337_154.jpg,154.0
2340_251.jpg,251.0
2342_125.jpg,125.0
2341_117.jpg,117.0
2343_106.jpg,106.0
2345_122.jpg,122.0
2349_111.jpg,111.0
2346_123.jpg,123.0
2347_160.jpg,160.0
2344_117.jpg,117.0
2348_99.jpg,99.0
2350_131.jpg,131.0
2353_99.jpg,99.0
2351_255.jpg,255.0
2354_134.jpg,134.0
2352_92.jpg,92.0
2356_155.jpg,155.0
2361_176.jpg,176.0
2357_177.jpg,177.0
2360_123.jpg,123.0
2355_144.jpg,144.0
2359_114.jpg,114.0
2358_256.jpg,256.0
2362_258.jpg,258.0
2363_81.jpg,81.0
2364_104.jpg,104.0
2366_189.jpg,189.0
2365_159.jpg,159.0
2367_259.jpg,259.0
2369_150.jpg,150.0
2368_115.jpg,115.0
2372_78.jpg,78.0
2373_136.jpg,136.0
2371_260.jpg,260.0
2370_169.jpg,169.0
2377_265.jpg,265.0
2380_229.jpg,229.0
2374_155.jpg,155.0
2379_163.jpg,163.0
2378_133.jpg,133.0
2375_164.jpg,164.0
2376_256.jpg,256.0
2384_127.jpg,127.0
2381_268.jpg,268.0
2386_199.jpg,199.0
2382_94.jpg,94.0
2385_170.jpg,170.0
2383_117.jpg,117.0
2389_111.jpg,111.0
2392_277.jpg,277.0
2390_128.jpg,128.0
2387_270.jpg,270.0
2388_104.jpg,104.0
2391_152.jpg,152.0
2398_102.jpg,102.0
2397_71.jpg,71.0
2395_187.jpg,187.0
2393_155.jpg,155.0
2396_280.jpg,280.0
2394_185.jpg,185.0
2399_109.jpg,109.0
2405_162.jpg,162.0
2400_111.jpg,111.0
2402_117.jpg,117.0
2401_114.jpg,114.0
2404_155.jpg,155.0
2403_149.jpg,149.0
2406_166.jpg,166.0
2410_233.jpg,233.0
2407_285.jpg,285.0
2408_128.jpg,128.0
2411_289.jpg,289.0
2409_153.jpg,153.0
2417_107.jpg,107.0
2413_138.jpg,138.0
2415_230.jpg,230.0
2412_128.jpg,128.0
2416_295.jpg,295.0
2414_147.jpg,147.0
2420_309.jpg,309.0
2418_172.jpg,172.0
2419_227.jpg,227.0
2422_138.jpg,138.0
2423_143.jpg,143.0
2421_90.jpg,90.0
2424_155.jpg,155.0
2428_168.jpg,168.0
2429_194.jpg,194.0
2431_323.jpg,323.0
2430_204.jpg,204.0
2427_159.jpg,159.0
2426_322.jpg,322.0
2425_218.jpg,218.0
2436_148.jpg,148.0
2434_239.jpg,239.0
2435_326.jpg,326.0
2432_144.jpg,144.0
2437_166.jpg,166.0
2433_174.jpg,174.0
2438_254.jpg,254.0
2440_111.jpg,111.0
2439_65.jpg,65.0
2441_144.jpg,144.0
2443_277.jpg,277.0
2442_154.jpg,154.0
2449_358.jpg,358.0
2446_148.jpg,148.0
2445_128.jpg,128.0
2447_170.jpg,170.0
2448_267.jpg,267.0
2444_348.jpg,348.0
2453_150.jpg,150.0
2451_110.jpg,110.0
2455_178.jpg,178.0
2454_177.jpg,177.0
2452_117.jpg,117.0
2450_109.jpg,109.0
2462_138.jpg,138.0
2464_213.jpg,213.0
2457_106.jpg,106.0
2465_68.jpg,68.0
2466_77.jpg,77.0
2471_360.jpg,360.0
2467_78.jpg,78.0
2468_127.jpg,127.0
2470_277.jpg,277.0
2469_154.jpg,154.0
2472_158.jpg,158.0
2473_420.jpg,420.0
2478_117.jpg,117.0
2475_99.jpg,99.0
2476_180.jpg,180.0
2474_169.jpg,169.0
2477_146.jpg,146.0
2480_135.jpg,135.0
2485_150.jpg,150.0
2486_99.jpg,99.0
2484_148.jpg,148.0
2483_141.jpg,141.0
2481_149.jpg,149.0
2482_117.jpg,117.0
2492_152.jpg,152.0
2489_140.jpg,140.0
2487_111.jpg,111.0
2491_99.jpg,99.0
2490_104.jpg,104.0
2488_149.jpg,149.0
2494_117.jpg,117.0
2499_107.jpg,107.0
2493_109.jpg,109.0
2498_92.jpg,92.0
2496_149.jpg,149.0
2495_123.jpg,123.0
2497_169.jpg,169.0
2502_129.jpg,129.0
2501_117.jpg,117.0
2503_172.jpg,172.0
2504_92.jpg,92.0
2500_109.jpg,109.0
2507_133.jpg,133.0
2508_176.jpg,176.0
2509_197.jpg,197.0
2510_111.jpg,111.0
2505_110.jpg,110.0
2506_117.jpg,117.0
2511_117.jpg,117.0
2513_164.jpg,164.0
2515_111.jpg,111.0
2514_199.jpg,199.0
2512_128.jpg,128.0
2517_117.jpg,117.0
2518_140.jpg,140.0
2520_111.jpg,111.0
2521_114.jpg,114.0
2522_117.jpg,117.0
2519_172.jpg,172.0
2523_162.jpg,162.0
2527_129.jpg,129.0
2525_111.jpg,111.0
2526_117.jpg,117.0
2528_158.jpg,158.0
2529_234.jpg,234.0
2524_209.jpg,209.0
2532_119.jpg,119.0
2530_112.jpg,112.0
2533_188.jpg,188.0
2534_112.jpg,112.0
2531_117.jpg,117.0
2537_150.jpg,150.0
2539_114.jpg,114.0
2540_146.jpg,146.0
2538_153.jpg,153.0
2535_117.jpg,117.0
2536_148.jpg,148.0
2541_147.jpg,147.0
2543_74.jpg,74.0
2544_78.jpg,78.0
2548_159.jpg,159.0
2546_117.jpg,117.0
2547_133.jpg,133.0
2545_112.jpg,112.0
2549_206.jpg,206.0
2550_114.jpg,114.0
2551_128.jpg,128.0
2552_152.jpg,152.0
2553_179.jpg,179.0
2555_117.jpg,117.0
2557_172.jpg,172.0
2559_114.jpg,114.0
2556_119.jpg,119.0
2558_199.jpg,199.0
2554_114.jpg,114.0
2561_129.jpg,129.0
2563_114.jpg,114.0
2565_119.jpg,119.0
2562_214.jpg,214.0
2560_117.jpg,117.0
2564_117.jpg,117.0
2571_186.jpg,186.0
2568_114.jpg,114.0
2567_192.jpg,192.0
2566_176.jpg,176.0
2572_77.jpg,77.0
2569_117.jpg,117.0
2570_160.jpg,160.0
2573_114.jpg,114.0
2577_102.jpg,102.0
2575_186.jpg,186.0
2576_194.jpg,194.0
2574_117.jpg,117.0
2579_119.jpg,119.0
2578_115.jpg,115.0
2583_166.jpg,166.0
2580_194.jpg,194.0
2581_115.jpg,115.0
2582_120.jpg,120.0
2589_209.jpg,209.0
2590_228.jpg,228.0
2585_97.jpg,97.0
2584_183.jpg,183.0
2586_102.jpg,102.0
2588_120.jpg,120.0
2587_115.jpg,115.0
2594_190.jpg,190.0
2596_79.jpg,79.0
2592_147.jpg,147.0
2595_76.jpg,76.0
2593_164.jpg,164.0
2597_117.jpg,117.0
2601_92.jpg,92.0
2598_120.jpg,120.0
2602_117.jpg,117.0
2599_125.jpg,125.0
2604_174.jpg,174.0
2608_120.jpg,120.0
2605_180.jpg,180.0
2609_133.jpg,133.0
2603_120.jpg,120.0
2607_117.jpg,117.0
2606_223.jpg,223.0
2616_184.jpg,184.0
2614_120.jpg,120.0
2611_136.jpg,136.0
2610_135.jpg,135.0
2615_176.jpg,176.0
2613_117.jpg,117.0
2617_117.jpg,117.0
2612_111.jpg,111.0
2618_120.jpg,120.0
2623_120.jpg,120.0
2620_177.jpg,177.0
2619_173.jpg,173.0
2622_117.jpg,117.0
2621_195.jpg,195.0
2627_117.jpg,117.0
2628_120.jpg,120.0
2626_256.jpg,256.0
2629_153.jpg,153.0
2624_147.jpg,147.0
2625_170.jpg,170.0
2630_172.jpg,172.0
2635_262.jpg,262.0
2634_190.jpg,190.0
2631_117.jpg,117.0
2632_120.jpg,120.0
2633_150.jpg,150.0
2638_122.jpg,122.0
2639_146.jpg,146.0
2636_92.jpg,92.0
2637_119.jpg,119.0
2640_194.jpg,194.0
2641_235.jpg,235.0
2643_119.jpg,119.0
2642_107.jpg,107.0
2646_149.jpg,149.0
2645_142.jpg,142.0
2644_123.jpg,123.0
2651_174.jpg,174.0
2652_78.jpg,78.0
2653_79.jpg,79.0
2649_150.jpg,150.0
2650_152.jpg,152.0
2647_177.jpg,177.0
2654_120.jpg,120.0
2659_229.jpg,229.0
2655_123.jpg,123.0
2656_131.jpg,131.0
2657_155.jpg,155.0
2658_174.jpg,174.0
2660_119.jpg,119.0
2662_123.jpg,123.0
2661_120.jpg,120.0
2663_172.jpg,172.0
2664_215.jpg,215.0
2666_109.jpg,109.0
2665_216.jpg,216.0
2668_123.jpg,123.0
2672_123.jpg,123.0
2669_129.jpg,129.0
2671_224.jpg,224.0
2670_158.jpg,158.0
2667_120.jpg,120.0
2675_81.jpg,81.0
2678_122.jpg,122.0
2676_87.jpg,87.0
2679_124.jpg,124.0
2674_190.jpg,190.0
2680_190.jpg,190.0
2673_164.jpg,164.0
2677_102.jpg,102.0
2685_125.jpg,125.0
2682_98.jpg,98.0
2683_101.jpg,101.0
2684_122.jpg,122.0
2681_262.jpg,262.0
2688_81.jpg,81.0
2686_186.jpg,186.0
2689_123.jpg,123.0
2690_125.jpg,125.0
2687_229.jpg,229.0
2691_152.jpg,152.0
2694_99.jpg,99.0
2696_110.jpg,110.0
2695_102.jpg,102.0
2697_123.jpg,123.0
2698_126.jpg,126.0
2692_199.jpg,199.0
2693_200.jpg,200.0
2699_219.jpg,219.0
2701_123.jpg,123.0
2703_170.jpg,170.0
2700_99.jpg,99.0
2702_126.jpg,126.0
2704_183.jpg,183.0
2705_224.jpg,224.0
2706_123.jpg,123.0
2708_166.jpg,166.0
2709_176.jpg,176.0
2707_126.jpg,126.0
2715_229.jpg,229.0
2713_155.jpg,155.0
2716_81.jpg,81.0
2711_117.jpg,117.0
2714_218.jpg,218.0
2710_320.jpg,320.0
2721_127.jpg,127.0
2722_131.jpg,131.0
2723_186.jpg,186.0
2717_83.jpg,83.0
2720_126.jpg,126.0
2719_124.jpg,124.0
2718_114.jpg,114.0
2727_143.jpg,143.0
2728_240.jpg,240.0
2724_124.jpg,124.0
2726_131.jpg,131.0
2725_126.jpg,126.0
2734_125.jpg,125.0
2732_158.jpg,158.0
2729_124.jpg,124.0
2730_126.jpg,126.0
2733_235.jpg,235.0
2731_147.jpg,147.0
2735_126.jpg,126.0
2736_133.jpg,133.0
2741_136.jpg,136.0
2739_125.jpg,125.0
2737_138.jpg,138.0
2738_142.jpg,142.0
2740_127.jpg,127.0
2742_140.jpg,140.0
2743_144.jpg,144.0
2744_170.jpg,170.0
2745_125.jpg,125.0
2748_155.jpg,155.0
2746_127.jpg,127.0
2749_177.jpg,177.0
2747_152.jpg,152.0
2751_117.jpg,117.0
2752_125.jpg,125.0
2753_127.jpg,127.0
2754_179.jpg,179.0
2750_178.jpg,178.0
2759_148.jpg,148.0
2757_128.jpg,128.0
2758_133.jpg,133.0
2760_149.jpg,149.0
2756_125.jpg,125.0
2755_213.jpg,213.0
2766_150.jpg,150.0
2761_224.jpg,224.0
2764_125.jpg,125.0
2762_117.jpg,117.0
2765_128.jpg,128.0
2763_120.jpg,120.0
2770_142.jpg,142.0
2772_218.jpg,218.0
2767_204.jpg,204.0
2769_129.jpg,129.0
2771_181.jpg,181.0
2768_126.jpg,126.0
2777_81.jpg,81.0
2778_83.jpg,83.0
2774_144.jpg,144.0
2776_181.jpg,181.0
2775_166.jpg,166.0
1952_144.jpg,144.0
2332_128.jpg,128.0
2972_149.jpg,149.0
2973_111.jpg,111.0
2974_146.jpg,146.0
2975_212.jpg,212.0
2976_163.jpg,163.0
2600_158.jpg,158.0
2516_162.jpg,162.0
1262_174.jpg,174.0
1598_162.jpg,162.0
1673_172.jpg,172.0
2977_164.jpg,164.0
252_170.jpg,170.0
678_172.jpg,172.0
426_179.jpg,179.0
120_148.jpg,148.0
2978_200.jpg,200.0
2979_208.jpg,208.0
2980_117.jpg,117.0
2981_170.jpg,170.0
2982_114.jpg,114.0
2983_217.jpg,217.0
2985_217.jpg,217.0
2984_152.jpg,152.0
2988_170.jpg,170.0
2986_195.jpg,195.0
2987_233.jpg,233.0
2989_177.jpg,177.0
2992_155.jpg,155.0
2991_140.jpg,140.0
2990_234.jpg,234.0
2993_229.jpg,229.0
2996_280.jpg,280.0
2994_269.jpg,269.0
2995_240.jpg,240.0
2998_294.jpg,294.0
2997_285.jpg,285.0
34_117.jpg,117.0
30_133.jpg,133.0
71_129.jpg,129.0
2999_120.jpg,120.0
96_154.jpg,154.0
3000_120.jpg,120.0
3002_140.jpg,140.0
3001_170.jpg,170.0
348_78.jpg,78.0
351_140.jpg,140.0
352_150.jpg,150.0
354_176.jpg,176.0
357_97.jpg,97.0
353_152.jpg,152.0
360_149.jpg,149.0
356_218.jpg,218.0
365_172.jpg,172.0
364_164.jpg,164.0
368_119.jpg,119.0
362_152.jpg,152.0
363_157.jpg,157.0
361_150.jpg,150.0
367_104.jpg,104.0
369_152.jpg,152.0
370_158.jpg,158.0
373_89.jpg,89.0
375_327.jpg,327.0
374_152.jpg,152.0
371_161.jpg,161.0
387_168.jpg,168.0
391_123.jpg,123.0
384_102.jpg,102.0
386_152.jpg,152.0
388_307.jpg,307.0
385_137.jpg,137.0
392_140.jpg,140.0
394_153.jpg,153.0
397_297.jpg,297.0
393_152.jpg,152.0
396_207.jpg,207.0
400_140.jpg,140.0
402_153.jpg,153.0
401_141.jpg,141.0
404_314.jpg,314.0
406_140.jpg,140.0
403_170.jpg,170.0
407_142.jpg,142.0
409_172.jpg,172.0
410_92.jpg,92.0
412_153.jpg,153.0
408_153.jpg,153.0
413_155.jpg,155.0
411_107.jpg,107.0
418_163.jpg,163.0
420_204.jpg,204.0
416_202.jpg,202.0
415_182.jpg,182.0
417_153.jpg,153.0
427_153.jpg,153.0
421_81.jpg,81.0
425_141.jpg,141.0
424_107.jpg,107.0
441_153.jpg,153.0
428_168.jpg,168.0
440_149.jpg,149.0
429_202.jpg,202.0
448_135.jpg,135.0
443_163.jpg,163.0
445_259.jpg,259.0
444_188.jpg,188.0
450_154.jpg,154.0
452_192.jpg,192.0
451_159.jpg,159.0
449_153.jpg,153.0
456_127.jpg,127.0
455_104.jpg,104.0
454_204.jpg,204.0
458_177.jpg,177.0
457_147.jpg,147.0
463_142.jpg,142.0
459_89.jpg,89.0
465_149.jpg,149.0
466_153.jpg,153.0
464_148.jpg,148.0
467_155.jpg,155.0
471_114.jpg,114.0
472_153.jpg,153.0
468_222.jpg,222.0
488_153.jpg,153.0
476_237.jpg,237.0
490_159.jpg,159.0
474_158.jpg,158.0
489_155.jpg,155.0
477_295.jpg,295.0
487_117.jpg,117.0
473_155.jpg,155.0
495_180.jpg,180.0
493_154.jpg,154.0
497_273.jpg,273.0
491_220.jpg,220.0
494_155.jpg,155.0
496_202.jpg,202.0
503_155.jpg,155.0
505_282.jpg,282.0
501_122.jpg,122.0
502_154.jpg,154.0
498_87.jpg,87.0
504_229.jpg,229.0
513_253.jpg,253.0
511_154.jpg,154.0
512_155.jpg,155.0
509_117.jpg,117.0
516_114.jpg,114.0
508_101.jpg,101.0
524_135.jpg,135.0
520_155.jpg,155.0
517_146.jpg,146.0
523_120.jpg,120.0
518_149.jpg,149.0
519_154.jpg,154.0
534_163.jpg,163.0
533_156.jpg,156.0
528_96.jpg,96.0
525_155.jpg,155.0
531_146.jpg,146.0
532_155.jpg,155.0
527_273.jpg,273.0
535_181.jpg,181.0
539_155.jpg,155.0
543_297.jpg,297.0
544_85.jpg,85.0
541_164.jpg,164.0
542_176.jpg,176.0
540_156.jpg,156.0
550_226.jpg,226.0
546_128.jpg,128.0
545_104.jpg,104.0
549_166.jpg,166.0
547_131.jpg,131.0
557_156.jpg,156.0
556_155.jpg,155.0
554_117.jpg,117.0
551_89.jpg,89.0
558_160.jpg,160.0
555_152.jpg,152.0
565_156.jpg,156.0
566_170.jpg,170.0
564_155.jpg,155.0
567_177.jpg,177.0
562_124.jpg,124.0
559_82.jpg,82.0
570_117.jpg,117.0
575_259.jpg,259.0
571_144.jpg,144.0
572_146.jpg,146.0
573_156.jpg,156.0
585_99.jpg,99.0
581_134.jpg,134.0
586_137.jpg,137.0
584_170.jpg,170.0
587_146.jpg,146.0
583_156.jpg,156.0
582_152.jpg,152.0
595_156.jpg,156.0
590_177.jpg,177.0
591_206.jpg,206.0
588_156.jpg,156.0
594_119.jpg,119.0
597_217.jpg,217.0
601_104.jpg,104.0
603_158.jpg,158.0
604_160.jpg,160.0
602_156.jpg,156.0
598_92.jpg,92.0
605_269.jpg,269.0
607_146.jpg,146.0
611_224.jpg,224.0
610_172.jpg,172.0
612_89.jpg,89.0
608_156.jpg,156.0
609_159.jpg,159.0
617_159.jpg,159.0
618_170.jpg,170.0
619_197.jpg,197.0
615_136.jpg,136.0
622_122.jpg,122.0
613_111.jpg,111.0
616_156.jpg,156.0
628_258.jpg,258.0
625_158.jpg,158.0
627_173.jpg,173.0
624_157.jpg,157.0
626_159.jpg,159.0
634_107.jpg,107.0
641_134.jpg,134.0
639_89.jpg,89.0
635_120.jpg,120.0
638_166.jpg,166.0
636_148.jpg,148.0
642_152.jpg,152.0
637_162.jpg,162.0
648_115.jpg,115.0
652_168.jpg,168.0
650_157.jpg,157.0
651_159.jpg,159.0
643_157.jpg,157.0
645_160.jpg,160.0
649_155.jpg,155.0
644_159.jpg,159.0
660_219.jpg,219.0
661_231.jpg,231.0
659_168.jpg,168.0
657_159.jpg,159.0
656_158.jpg,158.0
653_190.jpg,190.0
662_83.jpg,83.0
665_163.jpg,163.0
663_131.jpg,131.0
664_159.jpg,159.0
666_179.jpg,179.0
668_92.jpg,92.0
673_159.jpg,159.0
675_188.jpg,188.0
671_102.jpg,102.0
674_181.jpg,181.0
677_136.jpg,136.0
672_141.jpg,141.0
679_159.jpg,159.0
681_79.jpg,79.0
692_159.jpg,159.0
680_203.jpg,203.0
682_94.jpg,94.0
691_156.jpg,156.0
696_92.jpg,92.0
697_94.jpg,94.0
695_224.jpg,224.0
693_160.jpg,160.0
698_109.jpg,109.0
699_135.jpg,135.0
704_214.jpg,214.0
700_143.jpg,143.0
709_162.jpg,162.0
708_159.jpg,159.0
701_159.jpg,159.0
702_160.jpg,160.0
710_200.jpg,200.0
707_131.jpg,131.0
715_131.jpg,131.0
718_163.jpg,163.0
717_159.jpg,159.0
721_107.jpg,107.0
716_143.jpg,143.0
714_128.jpg,128.0
711_82.jpg,82.0
722_114.jpg,114.0
719_167.jpg,167.0
733_181.jpg,181.0
723_131.jpg,131.0
727_89.jpg,89.0
726_83.jpg,83.0
725_214.jpg,214.0
730_138.jpg,138.0
732_163.jpg,163.0
731_159.jpg,159.0
742_159.jpg,159.0
735_92.jpg,92.0
739_112.jpg,112.0
740_115.jpg,115.0
741_140.jpg,140.0
743_163.jpg,163.0
734_228.jpg,228.0
748_159.jpg,159.0
755_147.jpg,147.0
750_214.jpg,214.0
745_67.jpg,67.0
749_163.jpg,163.0
752_262.jpg,262.0
759_67.jpg,67.0
758_168.jpg,168.0
760_106.jpg,106.0
757_163.jpg,163.0
756_160.jpg,160.0
761_114.jpg,114.0
763_160.jpg,160.0
766_94.jpg,94.0
764_166.jpg,166.0
771_164.jpg,164.0
770_160.jpg,160.0
769_154.jpg,154.0
765_88.jpg,88.0
778_167.jpg,167.0
774_114.jpg,114.0
776_149.jpg,149.0
775_142.jpg,142.0
773_172.jpg,172.0
772_166.jpg,166.0
784_128.jpg,128.0
788_88.jpg,88.0
791_167.jpg,167.0
786_167.jpg,167.0
789_158.jpg,158.0
792_168.jpg,168.0
785_149.jpg,149.0
790_162.jpg,162.0
800_167.jpg,167.0
793_181.jpg,181.0
798_146.jpg,146.0
797_142.jpg,142.0
799_162.jpg,162.0
804_150.jpg,150.0
807_268.jpg,268.0
801_87.jpg,87.0
803_122.jpg,122.0
806_168.jpg,168.0
802_107.jpg,107.0
815_162.jpg,162.0
808_92.jpg,92.0
817_73.jpg,73.0
816_167.jpg,167.0
813_127.jpg,127.0
814_148.jpg,148.0
818_131.jpg,131.0
820_163.jpg,163.0
819_148.jpg,148.0
821_167.jpg,167.0
822_179.jpg,179.0
824_163.jpg,163.0
825_167.jpg,167.0
829_109.jpg,109.0
823_146.jpg,146.0
827_99.jpg,99.0
826_204.jpg,204.0
830_153.jpg,153.0
831_163.jpg,163.0
833_91.jpg,91.0
835_163.jpg,163.0
836_197.jpg,197.0
832_168.jpg,168.0
837_226.jpg,226.0
842_177.jpg,177.0
840_159.jpg,159.0
838_90.jpg,90.0
841_163.jpg,163.0
844_128.jpg,128.0
839_152.jpg,152.0
847_169.jpg,169.0
845_133.jpg,133.0
846_163.jpg,163.0
848_81.jpg,81.0
850_162.jpg,162.0
858_87.jpg,87.0
851_163.jpg,163.0
855_155.jpg,155.0
852_169.jpg,169.0
856_164.jpg,164.0
857_172.jpg,172.0
854_99.jpg,99.0
853_200.jpg,200.0
867_164.jpg,164.0
859_96.jpg,96.0
871_87.jpg,87.0
869_224.jpg,224.0
870_78.jpg,78.0
868_172.jpg,172.0
877_94.jpg,94.0
874_156.jpg,156.0
876_184.jpg,184.0
875_168.jpg,168.0
873_153.jpg,153.0
872_107.jpg,107.0
884_91.jpg,91.0
881_164.jpg,164.0
880_123.jpg,123.0
883_204.jpg,204.0
882_172.jpg,172.0
889_197.jpg,197.0
887_164.jpg,164.0
886_153.jpg,153.0
891_134.jpg,134.0
888_174.jpg,174.0
890_209.jpg,209.0
898_176.jpg,176.0
893_174.jpg,174.0
894_229.jpg,229.0
897_164.jpg,164.0
896_140.jpg,140.0
892_164.jpg,164.0
899_185.jpg,185.0
904_119.jpg,119.0
907_209.jpg,209.0
906_176.jpg,176.0
900_218.jpg,218.0
905_164.jpg,164.0
908_262.jpg,262.0
913_204.jpg,204.0
911_176.jpg,176.0
914_133.jpg,133.0
909_153.jpg,153.0
910_164.jpg,164.0
912_190.jpg,190.0
915_164.jpg,164.0
918_185.jpg,185.0
916_172.jpg,172.0
917_176.jpg,176.0
921_143.jpg,143.0
920_127.jpg,127.0
924_185.jpg,185.0
928_166.jpg,166.0
927_143.jpg,143.0
923_177.jpg,177.0
922_166.jpg,166.0
926_125.jpg,125.0
934_156.jpg,156.0
932_124.jpg,124.0
935_166.jpg,166.0
933_140.jpg,140.0
929_177.jpg,177.0
930_218.jpg,218.0
936_177.jpg,177.0
938_147.jpg,147.0
939_155.jpg,155.0
940_181.jpg,181.0
937_109.jpg,109.0
949_166.jpg,166.0
950_179.jpg,179.0
947_126.jpg,126.0
951_99.jpg,99.0
948_152.jpg,152.0
952_160.jpg,160.0
954_85.jpg,85.0
953_179.jpg,179.0
959_179.jpg,179.0
962_125.jpg,125.0
958_166.jpg,166.0
956_133.jpg,133.0
957_156.jpg,156.0
960_224.jpg,224.0
965_180.jpg,180.0
966_239.jpg,239.0
967_122.jpg,122.0
963_160.jpg,160.0
968_136.jpg,136.0
964_166.jpg,166.0
972_131.jpg,131.0
971_180.jpg,180.0
973_160.jpg,160.0
970_177.jpg,177.0
974_167.jpg,167.0
969_166.jpg,166.0
975_174.jpg,174.0
988_146.jpg,146.0
989_167.jpg,167.0
976_180.jpg,180.0
977_129.jpg,129.0
979_167.jpg,167.0
980_180.jpg,180.0
978_166.jpg,166.0
995_168.jpg,168.0
992_90.jpg,90.0
993_124.jpg,124.0
990_180.jpg,180.0
991_187.jpg,187.0
994_148.jpg,148.0
996_181.jpg,181.0
997_224.jpg,224.0
1001_181.jpg,181.0
999_109.jpg,109.0
1000_168.jpg,168.0
1006_176.jpg,176.0
1003_109.jpg,109.0
1005_143.jpg,143.0
1004_140.jpg,140.0
1002_237.jpg,237.0
1009_140.jpg,140.0
1007_190.jpg,190.0
1013_99.jpg,99.0
1015_125.jpg,125.0
1010_169.jpg,169.0
1011_183.jpg,183.0
1012_78.jpg,78.0
1019_183.jpg,183.0
1016_126.jpg,126.0
1017_169.jpg,169.0
1022_149.jpg,149.0
1018_179.jpg,179.0
1027_169.jpg,169.0
1025_83.jpg,83.0
1023_180.jpg,180.0
1026_147.jpg,147.0
1024_184.jpg,184.0
1028_186.jpg,186.0
1030_76.jpg,76.0
1032_114.jpg,114.0
1034_169.jpg,169.0
1029_187.jpg,187.0
1033_147.jpg,147.0
1040_267.jpg,267.0
1035_187.jpg,187.0
1037_159.jpg,159.0
1036_134.jpg,134.0
1039_187.jpg,187.0
1038_169.jpg,169.0
1045_140.jpg,140.0
1044_104.jpg,104.0
1047_170.jpg,170.0
1043_102.jpg,102.0
1046_164.jpg,164.0
1041_87.jpg,87.0
1048_187.jpg,187.0
1051_170.jpg,170.0
1053_187.jpg,187.0
1052_180.jpg,180.0
1050_160.jpg,160.0
1049_152.jpg,152.0
1058_181.jpg,181.0
1057_170.jpg,170.0
1059_188.jpg,188.0
1056_102.jpg,102.0
1054_99.jpg,99.0
1055_101.jpg,101.0
1060_81.jpg,81.0
1061_111.jpg,111.0
1063_170.jpg,170.0
1062_129.jpg,129.0
1073_109.jpg,109.0
1064_177.jpg,177.0
1065_188.jpg,188.0
1066_405.jpg,405.0
1077_149.jpg,149.0
1076_147.jpg,147.0
1078_97.jpg,97.0
1075_143.jpg,143.0
1083_140.jpg,140.0
1074_117.jpg,117.0
1089_176.jpg,176.0
1098_102.jpg,102.0
1094_65.jpg,65.0
1095_70.jpg,70.0
1084_152.jpg,152.0
1091_183.jpg,183.0
1099_104.jpg,104.0
1100_133.jpg,133.0
1106_172.jpg,172.0
1102_170.jpg,170.0
1104_109.jpg,109.0
1105_164.jpg,164.0
1101_162.jpg,162.0
1109_99.jpg,99.0
1108_90.jpg,90.0
1113_172.jpg,172.0
1111_111.jpg,111.0
1107_188.jpg,188.0
1112_164.jpg,164.0
1120_172.jpg,172.0
1119_114.jpg,114.0
1123_77.jpg,77.0
1114_188.jpg,188.0
1115_77.jpg,77.0
1121_188.jpg,188.0
1118_103.jpg,103.0
1122_274.jpg,274.0
1127_143.jpg,143.0
1125_117.jpg,117.0
1126_135.jpg,135.0
1128_172.jpg,172.0
1129_192.jpg,192.0
1130_231.jpg,231.0
1131_125.jpg,125.0
1136_267.jpg,267.0
1134_192.jpg,192.0
1132_150.jpg,150.0
1133_172.jpg,172.0
1135_224.jpg,224.0
1138_140.jpg,140.0
1139_172.jpg,172.0
1137_110.jpg,110.0
1140_192.jpg,192.0
1141_204.jpg,204.0
1147_104.jpg,104.0
1144_192.jpg,192.0
1145_96.jpg,96.0
1143_172.jpg,172.0
1146_99.jpg,99.0
1148_123.jpg,123.0
1149_172.jpg,172.0
1153_172.jpg,172.0
1151_239.jpg,239.0
1152_158.jpg,158.0
1150_192.jpg,192.0
1156_194.jpg,194.0
1159_149.jpg,149.0
1158_110.jpg,110.0
1154_177.jpg,177.0
1157_262.jpg,262.0
1155_192.jpg,192.0
1161_214.jpg,214.0
1169_143.jpg,143.0
1162_98.jpg,98.0
1170_172.jpg,172.0
1160_188.jpg,188.0
1173_453.jpg,453.0
1175_117.jpg,117.0
1172_196.jpg,196.0
1176_172.jpg,172.0
1171_186.jpg,186.0
1177_197.jpg,197.0
1180_166.jpg,166.0
1182_188.jpg,188.0
1181_172.jpg,172.0
1178_220.jpg,220.0
1183_199.jpg,199.0
1184_228.jpg,228.0
1185_99.jpg,99.0
1189_180.jpg,180.0
1187_159.jpg,159.0
1190_193.jpg,193.0
1191_199.jpg,199.0
1188_172.jpg,172.0
1198_265.jpg,265.0
1195_160.jpg,160.0
1192_250.jpg,250.0
1196_172.jpg,172.0
1197_199.jpg,199.0
1194_134.jpg,134.0
1208_159.jpg,159.0
1199_325.jpg,325.0
1206_147.jpg,147.0
1207_152.jpg,152.0
1210_202.jpg,202.0
1213_172.jpg,172.0
1212_168.jpg,168.0
1209_172.jpg,172.0
1211_163.jpg,163.0
1218_173.jpg,173.0
1216_143.jpg,143.0
1217_146.jpg,146.0
1214_202.jpg,202.0
1219_202.jpg,202.0
1221_323.jpg,323.0
1223_149.jpg,149.0
1220_209.jpg,209.0
1227_202.jpg,202.0
1228_209.jpg,209.0
1224_159.jpg,159.0
1226_174.jpg,174.0
1225_162.jpg,162.0
1232_174.jpg,174.0
1229_109.jpg,109.0
1231_149.jpg,149.0
1230_120.jpg,120.0
1234_224.jpg,224.0
1236_147.jpg,147.0
1235_110.jpg,110.0
1233_202.jpg,202.0
1239_179.jpg,179.0
1247_131.jpg,131.0
1238_160.jpg,160.0
1237_152.jpg,152.0
1240_99.jpg,99.0
1250_186.jpg,186.0
1248_174.jpg,174.0
1251_192.jpg,192.0
1249_177.jpg,177.0
1255_174.jpg,174.0
1252_202.jpg,202.0
1254_164.jpg,164.0
1256_183.jpg,183.0
1253_123.jpg,123.0
1260_143.jpg,143.0
1261_172.jpg,172.0
1257_202.jpg,202.0
1258_209.jpg,209.0
1259_142.jpg,142.0
1263_176.jpg,176.0
1265_102.jpg,102.0
1264_203.jpg,203.0
1266_111.jpg,111.0
1267_155.jpg,155.0
1271_120.jpg,120.0
1272_140.jpg,140.0
1268_176.jpg,176.0
1269_181.jpg,181.0
1270_203.jpg,203.0
1278_114.jpg,114.0
1273_152.jpg,152.0
1274_168.jpg,168.0
1275_176.jpg,176.0
1276_203.jpg,203.0
1281_204.jpg,204.0
1279_176.jpg,176.0
1280_203.jpg,203.0
1282_92.jpg,92.0
1283_148.jpg,148.0
1285_177.jpg,177.0
1286_204.jpg,204.0
1284_172.jpg,172.0
1287_90.jpg,90.0
1292_177.jpg,177.0
1288_96.jpg,96.0
1290_114.jpg,114.0
1291_164.jpg,164.0
1293_206.jpg,206.0
1294_81.jpg,81.0
1302_282.jpg,282.0
1297_104.jpg,104.0
1301_209.jpg,209.0
1298_109.jpg,109.0
1299_152.jpg,152.0
1300_177.jpg,177.0
1308_87.jpg,87.0
1305_152.jpg,152.0
1304_117.jpg,117.0
1306_177.jpg,177.0
1303_110.jpg,110.0
1307_211.jpg,211.0
1311_129.jpg,129.0
1309_110.jpg,110.0
1310_114.jpg,114.0
1314_99.jpg,99.0
1313_212.jpg,212.0
1312_197.jpg,197.0
1320_177.jpg,177.0
1319_163.jpg,163.0
1317_114.jpg,114.0
1316_111.jpg,111.0
1318_140.jpg,140.0
1322_131.jpg,131.0
1324_160.jpg,160.0
1323_133.jpg,133.0
1326_212.jpg,212.0
1329_141.jpg,141.0
1328_104.jpg,104.0
1325_167.jpg,167.0
1348_125.jpg,125.0
1332_212.jpg,212.0
1349_140.jpg,140.0
1330_172.jpg,172.0
1333_304.jpg,304.0
1331_179.jpg,179.0
1350_143.jpg,143.0
1356_150.jpg,150.0
1355_131.jpg,131.0
1354_102.jpg,102.0
1352_212.jpg,212.0
1353_91.jpg,91.0
1351_179.jpg,179.0
1363_143.jpg,143.0
1361_102.jpg,102.0
1362_114.jpg,114.0
1359_214.jpg,214.0
1358_181.jpg,181.0
1357_179.jpg,179.0
1369_180.jpg,180.0
1370_215.jpg,215.0
1367_135.jpg,135.0
1366_87.jpg,87.0
1364_180.jpg,180.0
1368_141.jpg,141.0
1365_215.jpg,215.0
1371_224.jpg,224.0
1372_63.jpg,63.0
1375_180.jpg,180.0
1373_149.jpg,149.0
1376_183.jpg,183.0
1377_215.jpg,215.0
1380_134.jpg,134.0
1382_167.jpg,167.0
1384_181.jpg,181.0
1378_226.jpg,226.0
1379_54.jpg,54.0
1383_172.jpg,172.0
1385_215.jpg,215.0
1386_74.jpg,74.0
1389_215.jpg,215.0
1388_181.jpg,181.0
1387_136.jpg,136.0
1393_110.jpg,110.0
1391_91.jpg,91.0
1395_174.jpg,174.0
1396_99.jpg,99.0
1390_51.jpg,51.0
1394_156.jpg,156.0
1408_215.jpg,215.0
1406_168.jpg,168.0
1407_181.jpg,181.0
1404_106.jpg,106.0
1411_126.jpg,126.0
1410_89.jpg,89.0
1409_48.jpg,48.0
1412_149.jpg,149.0
1415_215.jpg,215.0
1416_50.jpg,50.0
1414_181.jpg,181.0
1419_159.jpg,159.0
1422_216.jpg,216.0
1423_245.jpg,245.0
1420_164.jpg,164.0
1421_181.jpg,181.0
1424_160.jpg,160.0
1417_138.jpg,138.0
1425_168.jpg,168.0
1426_183.jpg,183.0
1427_217.jpg,217.0
1428_66.jpg,66.0
1430_96.jpg,96.0
1437_107.jpg,107.0
1434_183.jpg,183.0
1436_51.jpg,51.0
1433_167.jpg,167.0
1435_219.jpg,219.0
1432_159.jpg,159.0
1438_168.jpg,168.0
1445_117.jpg,117.0
1442_221.jpg,221.0
1439_183.jpg,183.0
1440_186.jpg,186.0
1443_240.jpg,240.0
1446_164.jpg,164.0
1449_313.jpg,313.0
1448_223.jpg,223.0
1453_200.jpg,200.0
1452_190.jpg,190.0
1454_223.jpg,223.0
1451_183.jpg,183.0
1447_183.jpg,183.0
1457_136.jpg,136.0
1455_96.jpg,96.0
1459_173.jpg,173.0
1456_117.jpg,117.0
1460_203.jpg,203.0
1470_159.jpg,159.0
1461_223.jpg,223.0
1468_115.jpg,115.0
1472_223.jpg,223.0
1471_183.jpg,183.0
1477_131.jpg,131.0
1474_98.jpg,98.0
1478_167.jpg,167.0
1476_110.jpg,110.0
1473_245.jpg,245.0
1475_104.jpg,104.0
1479_99.jpg,99.0
1482_146.jpg,146.0
1480_114.jpg,114.0
1481_125.jpg,125.0
1484_184.jpg,184.0
1483_172.jpg,172.0
1489_168.jpg,168.0
1490_185.jpg,185.0
1487_112.jpg,112.0
1491_229.jpg,229.0
1486_229.jpg,229.0
1488_131.jpg,131.0
1500_245.jpg,245.0
1496_172.jpg,172.0
1493_80.jpg,80.0
1497_185.jpg,185.0
1498_186.jpg,186.0
1499_203.jpg,203.0
1495_150.jpg,150.0
1503_153.jpg,153.0
1505_190.jpg,190.0
1506_245.jpg,245.0
1504_185.jpg,185.0
1507_370.jpg,370.0
1501_114.jpg,114.0
1513_246.jpg,246.0
1508_114.jpg,114.0
1511_197.jpg,197.0
1514_104.jpg,104.0
1509_115.jpg,115.0
1510_186.jpg,186.0
1512_224.jpg,224.0
1516_147.jpg,147.0
1521_120.jpg,120.0
1518_186.jpg,186.0
1520_247.jpg,247.0
1517_181.jpg,181.0
1519_202.jpg,202.0
1522_123.jpg,123.0
1526_240.jpg,240.0
1524_186.jpg,186.0
1527_259.jpg,259.0
1528_106.jpg,106.0
1529_131.jpg,131.0
1523_181.jpg,181.0
1533_197.jpg,197.0
1530_147.jpg,147.0
1532_187.jpg,187.0
1537_129.jpg,129.0
1540_187.jpg,187.0
1538_135.jpg,135.0
1534_289.jpg,289.0
1539_177.jpg,177.0
1541_307.jpg,307.0
1546_187.jpg,187.0
1544_169.jpg,169.0
1543_141.jpg,141.0
1542_465.jpg,465.0
1550_110.jpg,110.0
1552_170.jpg,170.0
1553_179.jpg,179.0
1547_310.jpg,310.0
1549_94.jpg,94.0
1548_374.jpg,374.0
1551_131.jpg,131.0
1555_99.jpg,99.0
1554_212.jpg,212.0
1557_152.jpg,152.0
1560_187.jpg,187.0
1559_162.jpg,162.0
1556_104.jpg,104.0
1562_323.jpg,323.0
1563_141.jpg,141.0
1567_282.jpg,282.0
1564_150.jpg,150.0
1565_160.jpg,160.0
1561_267.jpg,267.0
1569_135.jpg,135.0
1568_335.jpg,335.0
1574_215.jpg,215.0
1573_209.jpg,209.0
1572_188.jpg,188.0
1571_183.jpg,183.0
1575_337.jpg,337.0
1576_137.jpg,137.0
1578_188.jpg,188.0
1579_236.jpg,236.0
1577_176.jpg,176.0
1580_378.jpg,378.0
1586_188.jpg,188.0
1588_143.jpg,143.0
1589_147.jpg,147.0
1587_481.jpg,481.0
1581_94.jpg,94.0
1584_163.jpg,163.0
1585_179.jpg,179.0
1582_138.jpg,138.0
1583_147.jpg,147.0
1596_92.jpg,92.0
1594_189.jpg,189.0
1591_200.jpg,200.0
1595_199.jpg,199.0
1593_188.jpg,188.0
1590_188.jpg,188.0
1602_123.jpg,123.0
1592_133.jpg,133.0
1606_99.jpg,99.0
1604_196.jpg,196.0
1608_152.jpg,152.0
1605_204.jpg,204.0
1607_114.jpg,114.0
1610_212.jpg,212.0
1609_190.jpg,190.0
1603_190.jpg,190.0
1615_164.jpg,164.0
1616_190.jpg,190.0
1612_126.jpg,126.0
1611_291.jpg,291.0
1613_136.jpg,136.0
1617_101.jpg,101.0
1614_158.jpg,158.0
1620_148.jpg,148.0
1618_111.jpg,111.0
1622_204.jpg,204.0
1621_172.jpg,172.0
1623_136.jpg,136.0
1624_156.jpg,156.0
1619_123.jpg,123.0
1630_176.jpg,176.0
1629_156.jpg,156.0
1626_214.jpg,214.0
1625_190.jpg,190.0
1631_190.jpg,190.0
1627_140.jpg,140.0
1628_149.jpg,149.0
1634_190.jpg,190.0
1633_164.jpg,164.0
1635_309.jpg,309.0
1636_76.jpg,76.0
1632_109.jpg,109.0
1638_147.jpg,147.0
1637_133.jpg,133.0
1639_190.jpg,190.0
1641_255.jpg,255.0
1645_142.jpg,142.0
1644_190.jpg,190.0
1640_209.jpg,209.0
1642_156.jpg,156.0
1643_177.jpg,177.0
1647_160.jpg,160.0
1656_120.jpg,120.0
1648_192.jpg,192.0
1649_74.jpg,74.0
1646_158.jpg,158.0
1658_156.jpg,156.0
1657_148.jpg,148.0
1662_160.jpg,160.0
1659_181.jpg,181.0
1663_192.jpg,192.0
1661_152.jpg,152.0
1660_120.jpg,120.0
1664_140.jpg,140.0
1667_192.jpg,192.0
1666_177.jpg,177.0
1665_158.jpg,158.0
1668_231.jpg,231.0
1671_181.jpg,181.0
1817_160.jpg,160.0
78_194.jpg,194.0
148_185.jpg,185.0
292_199.jpg,199.0
349_184.jpg,184.0
1941_112.jpg,112.0
1087_165.jpg,165.0
435_177.jpg,177.0
1092_216.jpg,216.0
1977_268.jpg,268.0
1021_91.jpg,91.0
1918_239.jpg,239.0
1891_104.jpg,104.0
736_245.jpg,245.0
1948_199.jpg,199.0
1912_248.jpg,248.0
1934_126.jpg,126.0
1832_193.jpg,193.0
432_151.jpg,151.0
1117_178.jpg,178.0
1871_180.jpg,180.0
1295_147.jpg,147.0
1818_212.jpg,212.0
530_157.jpg,157.0
1954_215.jpg,215.0
1838_180.jpg,180.0
1864_187.jpg,187.0
901_124.jpg,124.0
1825_187.jpg,187.0
2006_144.jpg,144.0
1969_244.jpg,244.0
828_178.jpg,178.0
1535_129.jpg,129.0
329_216.jpg,216.0
1851_115.jpg,115.0
1942_223.jpg,223.0
1884_102.jpg,102.0
1703_224.jpg,224.0
1999_129.jpg,129.0
1905_104.jpg,104.0
154_132.jpg,132.0
107_166.jpg,166.0
160_132.jpg,132.0
135_176.jpg,176.0
70_174.jpg,174.0
149_149.jpg,149.0
95_194.jpg,194.0
39_142.jpg,142.0
65_164.jpg,164.0
84_262.jpg,262.0
117_103.jpg,103.0
58_199.jpg,199.0
1_172.jpg,172.0
26_209.jpg,209.0
90_156.jpg,156.0
129_146.jpg,146.0
13_176.jpg,176.0
141_155.jpg,155.0
2013_234.jpg,234.0
101_124.jpg,124.0
76_153.jpg,153.0
59_216.jpg,216.0
258_226.jpg,226.0
226_174.jpg,174.0
350_187.jpg,187.0
297_185.jpg,185.0
201_204.jpg,204.0
296_61.jpg,61.0
166_148.jpg,148.0
220_160.jpg,160.0
358_168.jpg,168.0
389_172.jpg,172.0
422_146.jpg,146.0
439_165.jpg,165.0
310_155.jpg,155.0
246_174.jpg,174.0
251_294.jpg,294.0
239_150.jpg,150.0
398_201.jpg,201.0
342_199.jpg,199.0
214_174.jpg,174.0
461_194.jpg,194.0
499_151.jpg,151.0
522_176.jpg,176.0
507_142.jpg,142.0
514_151.jpg,151.0
537_92.jpg,92.0
552_159.jpg,159.0
446_172.jpg,172.0
479_211.jpg,211.0
469_170.jpg,170.0
843_150.jpg,150.0
849_138.jpg,138.0
599_180.jpg,180.0
728_145.jpg,145.0
809_183.jpg,183.0
738_195.jpg,195.0
860_120.jpg,120.0
568_160.jpg,160.0
746_117.jpg,117.0
713_83.jpg,83.0
705_192.jpg,192.0
753_104.jpg,104.0
620_101.jpg,101.0
834_144.jpg,144.0
878_157.jpg,157.0
795_134.jpg,134.0
647_244.jpg,244.0
655_176.jpg,176.0
690_239.jpg,239.0
670_218.jpg,218.0
561_150.jpg,150.0
811_167.jpg,167.0
767_187.jpg,187.0
592_117.jpg,117.0
1008_172.jpg,172.0
1116_146.jpg,146.0
1031_164.jpg,164.0
961_145.jpg,145.0
1103_283.jpg,283.0
1174_169.jpg,169.0
895_151.jpg,151.0
919_136.jpg,136.0
931_192.jpg,192.0
1096_86.jpg,86.0
879_119.jpg,119.0
1014_220.jpg,220.0
955_180.jpg,180.0
1042_229.jpg,229.0
981_139.jpg,139.0
1124_143.jpg,143.0
1097_150.jpg,150.0
925_206.jpg,206.0
1020_157.jpg,157.0
1142_104.jpg,104.0
1168_104.jpg,104.0
885_173.jpg,173.0
1110_159.jpg,159.0
998_174.jpg,174.0
1403_185.jpg,185.0
1327_178.jpg,178.0
2785_176.jpg,176.0
2817_178.jpg,178.0
1241_172.jpg,172.0
1347_146.jpg,146.0
1360_166.jpg,166.0
1193_199.jpg,199.0
1315_146.jpg,146.0
1277_99.jpg,99.0
2885_199.jpg,199.0
1321_176.jpg,176.0
1179_195.jpg,195.0
1289_240.jpg,240.0
1296_239.jpg,239.0
2924_224.jpg,224.0
1222_161.jpg,161.0
1186_129.jpg,129.0
1205_137.jpg,137.0
2913_157.jpg,157.0
2806_239.jpg,239.0
1215_188.jpg,188.0
2796_161.jpg,161.0
2895_138.jpg,138.0
2953_189.jpg,189.0
2950_170.jpg,170.0
2955_150.jpg,150.0
2947_177.jpg,177.0
2952_96.jpg,96.0
2962_138.jpg,138.0
2946_187.jpg,187.0
2956_109.jpg,109.0
2957_183.jpg,183.0
2961_141.jpg,141.0
2963_194.jpg,194.0
2951_194.jpg,194.0
2959_187.jpg,187.0
2965_141.jpg,141.0
2948_165.jpg,165.0
2954_173.jpg,173.0
2935_176.jpg,176.0
2949_191.jpg,191.0
2958_216.jpg,216.0
2964_181.jpg,181.0
2960_224.jpg,224.0
2966_173.jpg,173.0
1431_108.jpg,108.0
1418_151.jpg,151.0
2969_170.jpg,170.0
1458_156.jpg,156.0
1392_99.jpg,99.0
1492_71.jpg,71.0
1485_192.jpg,192.0
1429_84.jpg,84.0
2970_206.jpg,206.0
1441_204.jpg,204.0
1413_161.jpg,161.0
1469_124.jpg,124.0
2968_195.jpg,195.0
1494_123.jpg,123.0
1374_159.jpg,159.0
2971_148.jpg,148.0
1381_157.jpg,157.0
2967_132.jpg,132.0
1450_176.jpg,176.0
1405_112.jpg,112.0
1444_105.jpg,105.0
2782_176.jpg,176.0
2781_209.jpg,209.0
1545_172.jpg,172.0
2784_140.jpg,140.0
2788_180.jpg,180.0
2786_144.jpg,144.0
2783_187.jpg,187.0
2790_149.jpg,149.0
1502_119.jpg,119.0
2794_181.jpg,181.0
2779_176.jpg,176.0
1570_160.jpg,160.0
2787_191.jpg,191.0
1536_118.jpg,118.0
2789_176.jpg,176.0
2780_174.jpg,174.0
2791_181.jpg,181.0
2793_160.jpg,160.0
1566_197.jpg,197.0
1531_174.jpg,174.0
2792_153.jpg,153.0
1525_206.jpg,206.0
1515_136.jpg,136.0
1558_153.jpg,153.0
2816_155.jpg,155.0
2800_134.jpg,134.0
2812_161.jpg,161.0
2799_102.jpg,102.0
2802_172.jpg,172.0
2820_108.jpg,108.0
2803_201.jpg,201.0
2819_165.jpg,165.0
2810_176.jpg,176.0
2797_146.jpg,146.0
2798_151.jpg,151.0
2801_199.jpg,199.0
2795_165.jpg,165.0
2815_116.jpg,116.0
2808_199.jpg,199.0
2809_178.jpg,178.0
2811_192.jpg,192.0
2807_207.jpg,207.0
2818_145.jpg,145.0
2804_174.jpg,174.0
2814_192.jpg,192.0
2813_172.jpg,172.0
2805_234.jpg,234.0
2825_110.jpg,110.0
2822_149.jpg,149.0
2843_153.jpg,153.0
2824_161.jpg,161.0
2834_81.jpg,81.0
2838_160.jpg,160.0
2840_147.jpg,147.0
2829_122.jpg,122.0
2833_157.jpg,157.0
2830_144.jpg,144.0
2836_156.jpg,156.0
2823_148.jpg,148.0
2832_145.jpg,145.0
2839_177.jpg,177.0
2841_253.jpg,253.0
2826_96.jpg,96.0
2842_61.jpg,61.0
2828_159.jpg,159.0
2821_110.jpg,110.0
2827_181.jpg,181.0
2837_161.jpg,161.0
2831_155.jpg,155.0
2835_160.jpg,160.0
2859_181.jpg,181.0
2867_209.jpg,209.0
2868_159.jpg,159.0
2858_172.jpg,172.0
2849_138.jpg,138.0
2853_183.jpg,183.0
2866_174.jpg,174.0
2845_134.jpg,134.0
2861_178.jpg,178.0
2856_176.jpg,176.0
2855_172.jpg,172.0
2862_143.jpg,143.0
2844_160.jpg,160.0
2848_139.jpg,139.0
2857_165.jpg,165.0
2852_151.jpg,151.0
2851_155.jpg,155.0
2865_172.jpg,172.0
2850_145.jpg,145.0
2846_146.jpg,146.0
2854_149.jpg,149.0
2860_164.jpg,164.0
2847_76.jpg,76.0
2863_183.jpg,183.0
2864_190.jpg,190.0
2871_185.jpg,185.0
2893_192.jpg,192.0
2887_131.jpg,131.0
2882_174.jpg,174.0
2879_185.jpg,185.0
2892_145.jpg,145.0
2870_164.jpg,164.0
2873_190.jpg,190.0
2884_118.jpg,118.0
2891_245.jpg,245.0
2896_104.jpg,104.0
2886_155.jpg,155.0
2876_155.jpg,155.0
2880_131.jpg,131.0
2881_93.jpg,93.0
2872_172.jpg,172.0
2874_155.jpg,155.0
2869_213.jpg,213.0
2894_151.jpg,151.0
2877_172.jpg,172.0
2888_96.jpg,96.0
2889_300.jpg,300.0
2875_204.jpg,204.0
2878_190.jpg,190.0
2883_151.jpg,151.0
2890_341.jpg,341.0
2914_218.jpg,218.0
2920_66.jpg,66.0
2898_104.jpg,104.0
2910_204.jpg,204.0
2905_140.jpg,140.0
2904_96.jpg,96.0
2915_234.jpg,234.0
2912_136.jpg,136.0
2899_143.jpg,143.0
2897_131.jpg,131.0
2901_169.jpg,169.0
2911_183.jpg,183.0
2908_204.jpg,204.0
2916_155.jpg,155.0
2903_242.jpg,242.0
2918_256.jpg,256.0
2902_150.jpg,150.0
2919_204.jpg,204.0
2921_68.jpg,68.0
2907_199.jpg,199.0
2922_163.jpg,163.0
2909_183.jpg,183.0
2900_159.jpg,159.0
2917_172.jpg,172.0
2906_155.jpg,155.0
2932_192.jpg,192.0
2930_103.jpg,103.0
2943_112.jpg,112.0
2936_153.jpg,153.0
2925_123.jpg,123.0
2933_188.jpg,188.0
2929_163.jpg,163.0
2939_118.jpg,118.0
2942_190.jpg,190.0
2938_174.jpg,174.0
2937_199.jpg,199.0
2941_178.jpg,178.0
2940_206.jpg,206.0
2934_142.jpg,142.0
2945_192.jpg,192.0
2931_137.jpg,137.0
2928_100.jpg,100.0
2923_101.jpg,101.0
2927_120.jpg,120.0
2944_192.jpg,192.0
2926_70.jpg,70.0
286_149.jpg,149.0
287_162.jpg,162.0
1086_156.jpg,156.0
1088_168.jpg,168.0
288_168.jpg,168.0
1080_129.jpg,129.0
1794_110.jpg,110.0
1797_169.jpg,169.0
1093_218.jpg,218.0
1090_181.jpg,181.0
1796_131.jpg,131.0
2460_131.jpg,131.0
2456_104.jpg,104.0
366_233.jpg,233.0
2459_120.jpg,120.0
290_185.jpg,185.0
1079_106.jpg,106.0
2461_133.jpg,133.0
299_140.jpg,140.0
1082_137.jpg,137.0
1081_131.jpg,131.0
284_143.jpg,143.0
289_179.jpg,179.0
2479_131.jpg,131.0
1085_153.jpg,153.0
434_133.jpg,133.0
436_180.jpg,180.0
433_131.jpg,131.0
293_251.jpg,251.0
291_192.jpg,192.0
437_188.jpg,188.0
1342_134.jpg,134.0
1341_131.jpg,131.0
438_228.jpg,228.0
1345_167.jpg,167.0
1854_131.jpg,131.0
1853_106.jpg,106.0
1343_154.jpg,154.0
1346_212.jpg,212.0
1344_156.jpg,156.0
1855_134.jpg,134.0
1857_173.jpg,173.0
1858_178.jpg,178.0
1856_167.jpg,167.0
1899_114.jpg,114.0
1900_117.jpg,117.0
1904_87.jpg,87.0
1901_155.jpg,155.0
1902_215.jpg,215.0
1903_82.jpg,82.0
2024_164.jpg,164.0
2022_135.jpg,135.0
2021_131.jpg,131.0
2023_154.jpg,154.0
2020_109.jpg,109.0
43_131.jpg,131.0
2025_188.jpg,188.0
40_104.jpg,104.0
41_109.jpg,109.0
44_135.jpg,135.0
45_137.jpg,137.0
111_151.jpg,151.0
185_125.jpg,125.0
46_177.jpg,177.0
184_106.jpg,106.0
112_176.jpg,176.0
109_133.jpg,133.0
110_137.jpg,137.0
189_147.jpg,147.0
227_123.jpg,123.0
187_133.jpg,133.0
186_132.jpg,132.0
188_137.jpg,137.0
233_199.jpg,199.0
229_137.jpg,137.0
232_193.jpg,193.0
228_134.jpg,134.0
231_143.jpg,143.0
269_134.jpg,134.0
271_137.jpg,137.0
274_167.jpg,167.0
273_150.jpg,150.0
275_273.jpg,273.0
270_135.jpg,135.0
377_126.jpg,126.0
383_278.jpg,278.0
381_167.jpg,167.0
379_134.jpg,134.0
382_189.jpg,189.0
380_137.jpg,137.0
483_134.jpg,134.0
480_102.jpg,102.0
485_174.jpg,174.0
484_138.jpg,138.0
482_129.jpg,129.0
486_87.jpg,87.0
577_111.jpg,111.0
576_101.jpg,101.0
579_126.jpg,126.0
578_122.jpg,122.0
580_138.jpg,138.0
631_134.jpg,134.0
630_126.jpg,126.0
629_114.jpg,114.0
685_172.jpg,172.0
633_176.jpg,176.0
686_83.jpg,83.0
632_138.jpg,138.0
683_134.jpg,134.0
684_148.jpg,148.0
782_160.jpg,160.0
688_96.jpg,96.0
687_90.jpg,90.0
781_144.jpg,144.0
779_107.jpg,107.0
780_140.jpg,140.0
862_135.jpg,135.0
864_143.jpg,143.0
783_94.jpg,94.0
863_140.jpg,140.0
861_123.jpg,123.0
943_177.jpg,177.0
866_88.jpg,88.0
944_180.jpg,180.0
941_137.jpg,137.0
865_214.jpg,214.0
942_140.jpg,140.0
984_140.jpg,140.0
985_251.jpg,251.0
945_88.jpg,88.0
982_114.jpg,114.0
983_137.jpg,137.0
946_90.jpg,90.0
987_97.jpg,97.0
1070_143.jpg,143.0
1069_140.jpg,140.0
986_94.jpg,94.0
1068_137.jpg,137.0
1067_129.jpg,129.0
1163_137.jpg,137.0
1071_147.jpg,147.0
1165_147.jpg,147.0
1072_167.jpg,167.0
1166_172.jpg,172.0
1164_140.jpg,140.0
1200_117.jpg,117.0
1201_138.jpg,138.0
1203_146.jpg,146.0
1167_81.jpg,81.0
1202_141.jpg,141.0
1245_179.jpg,179.0
1242_120.jpg,120.0
1204_95.jpg,95.0
1244_141.jpg,141.0
1243_138.jpg,138.0
1338_156.jpg,156.0
1246_72.jpg,72.0
1334_104.jpg,104.0
1336_141.jpg,141.0
1337_148.jpg,148.0
1335_138.jpg,138.0
1397_103.jpg,103.0
1401_140.jpg,140.0
1399_136.jpg,136.0
1398_117.jpg,117.0
1339_162.jpg,162.0
1400_138.jpg,138.0
1462_117.jpg,117.0
1465_172.jpg,172.0
1463_168.jpg,168.0
1402_141.jpg,141.0
1466_84.jpg,84.0
1464_171.jpg,171.0
1467_94.jpg,94.0
1597_114.jpg,114.0
1599_140.jpg,140.0
1601_159.jpg,159.0
1600_141.jpg,141.0
1654_143.jpg,143.0
1652_140.jpg,140.0
1653_141.jpg,141.0
1650_123.jpg,123.0
1651_131.jpg,131.0
1756_164.jpg,164.0
1758_188.jpg,188.0
1655_150.jpg,150.0
1755_141.jpg,141.0
1754_140.jpg,140.0
1757_176.jpg,176.0
1759_190.jpg,190.0
1799_140.jpg,140.0
1800_141.jpg,141.0
1801_144.jpg,144.0
1802_164.jpg,164.0
1804_179.jpg,179.0
1803_173.jpg,173.0
1805_109.jpg,109.0
1808_140.jpg,140.0
1809_142.jpg,142.0
1810_177.jpg,177.0
1806_114.jpg,114.0
1807_131.jpg,131.0
1811_114.jpg,114.0
1813_142.jpg,142.0
1815_172.jpg,172.0
1814_160.jpg,160.0
1812_140.jpg,140.0
1822_177.jpg,177.0
1823_181.jpg,181.0
1820_140.jpg,140.0
1824_239.jpg,239.0
1821_142.jpg,142.0
1819_111.jpg,111.0
1827_140.jpg,140.0
1831_79.jpg,79.0
1830_156.jpg,156.0
1826_136.jpg,136.0
1828_143.jpg,143.0
1829_148.jpg,148.0
1834_143.jpg,143.0
1833_140.jpg,140.0
1835_148.jpg,148.0
1840_143.jpg,143.0
1839_140.jpg,140.0
1836_242.jpg,242.0
1837_85.jpg,85.0
1841_152.jpg,152.0
1846_120.jpg,120.0
1843_170.jpg,170.0
1842_160.jpg,160.0
1844_224.jpg,224.0
1845_110.jpg,110.0
1859_136.jpg,136.0
1847_129.jpg,129.0
1848_172.jpg,172.0
1850_94.jpg,94.0
1860_140.jpg,140.0
1849_85.jpg,85.0
1861_143.jpg,143.0
1863_97.jpg,97.0
1862_158.jpg,158.0
1866_143.jpg,143.0
1867_152.jpg,152.0
1865_140.jpg,140.0
1874_141.jpg,141.0
1868_170.jpg,170.0
1872_120.jpg,120.0
1869_231.jpg,231.0
1873_122.jpg,122.0
1870_96.jpg,96.0
1878_141.jpg,141.0
1875_143.jpg,143.0
1879_143.jpg,143.0
1877_202.jpg,202.0
1880_152.jpg,152.0
1876_152.jpg,152.0
1885_142.jpg,142.0
1881_177.jpg,177.0
1883_83.jpg,83.0
1887_176.jpg,176.0
1882_79.jpg,79.0
1886_143.jpg,143.0
1888_181.jpg,181.0
1892_142.jpg,142.0
1890_81.jpg,81.0
1893_143.jpg,143.0
1889_184.jpg,184.0
1895_177.jpg,177.0
1897_234.jpg,234.0
1906_142.jpg,142.0
1907_143.jpg,143.0
1896_180.jpg,180.0
1894_158.jpg,158.0
1911_85.jpg,85.0
1914_143.jpg,143.0
1908_161.jpg,161.0
1913_120.jpg,120.0
1910_74.jpg,74.0
1909_190.jpg,190.0
1916_82.jpg,82.0
1919_107.jpg,107.0
1917_90.jpg,90.0
1915_177.jpg,177.0
1921_143.jpg,143.0
1920_114.jpg,114.0
1922_148.jpg,148.0
1924_109.jpg,109.0
1925_131.jpg,131.0
1923_187.jpg,187.0
1928_226.jpg,226.0
1929_164.jpg,164.0
1927_194.jpg,194.0
1926_143.jpg,143.0
1931_85.jpg,85.0
1930_177.jpg,177.0
1933_99.jpg,99.0
1932_96.jpg,96.0
1935_135.jpg,135.0
1939_94.jpg,94.0
1938_91.jpg,91.0
1937_143.jpg,143.0
1943_104.jpg,104.0
1936_138.jpg,138.0
1944_136.jpg,136.0
1945_143.jpg,143.0
1947_157.jpg,157.0
1950_114.jpg,114.0
1949_106.jpg,106.0
1946_146.jpg,146.0
1951_134.jpg,134.0
1957_143.jpg,143.0
1958_85.jpg,85.0
1956_117.jpg,117.0
1953_143.jpg,143.0
1955_109.jpg,109.0
1964_132.jpg,132.0
1963_90.jpg,90.0
1960_143.jpg,143.0
1962_203.jpg,203.0
1961_192.jpg,192.0
1959_92.jpg,92.0
1967_172.jpg,172.0
1970_109.jpg,109.0
1965_143.jpg,143.0
1966_146.jpg,146.0
1968_184.jpg,184.0
1971_115.jpg,115.0
1979_125.jpg,125.0
1973_144.jpg,144.0
1974_168.jpg,168.0
1975_89.jpg,89.0
1980_143.jpg,143.0
1978_117.jpg,117.0
1972_143.jpg,143.0
1983_194.jpg,194.0
1984_131.jpg,131.0
1986_143.jpg,143.0
1982_169.jpg,169.0
1981_144.jpg,144.0
1985_140.jpg,140.0
1987_144.jpg,144.0
1991_146.jpg,146.0
1990_143.jpg,143.0
1989_109.jpg,109.0
1992_156.jpg,156.0
1988_200.jpg,200.0
1993_160.jpg,160.0
2000_101.jpg,101.0
1998_90.jpg,90.0
1994_101.jpg,101.0
1996_158.jpg,158.0
1995_148.jpg,148.0
1997_85.jpg,85.0
2003_143.jpg,143.0
2004_146.jpg,146.0
2007_143.jpg,143.0
2001_103.jpg,103.0
2005_192.jpg,192.0
2002_107.jpg,107.0
2010_155.jpg,155.0
2012_190.jpg,190.0
2014_144.jpg,144.0
2011_176.jpg,176.0
2009_149.jpg,149.0
2008_146.jpg,146.0
3_119.jpg,119.0
2016_148.jpg,148.0
2015_146.jpg,146.0
2017_207.jpg,207.0
2_112.jpg,112.0
2018_212.jpg,212.0
4_144.jpg,144.0
5_147.jpg,147.0
6_188.jpg,188.0
8_147.jpg,147.0
7_146.jpg,146.0
15_146.jpg,146.0
12_181.jpg,181.0
10_163.jpg,163.0
11_168.jpg,168.0
9_162.jpg,162.0
14_129.jpg,129.0
16_147.jpg,147.0
18_179.jpg,179.0
17_163.jpg,163.0
21_140.jpg,140.0
22_144.jpg,144.0
19_183.jpg,183.0
20_126.jpg,126.0
25_177.jpg,177.0
23_146.jpg,146.0
24_147.jpg,147.0
27_133.jpg,133.0
28_136.jpg,136.0
33_141.jpg,141.0
31_147.jpg,147.0
29_137.jpg,137.0
32_214.jpg,214.0
35_147.jpg,147.0
37_177.jpg,177.0
36_172.jpg,172.0
47_137.jpg,137.0
38_275.jpg,275.0
52_102.jpg,102.0
50_202.jpg,202.0
49_163.jpg,163.0
48_147.jpg,147.0
51_90.jpg,90.0
55_209.jpg,209.0
60_147.jpg,147.0
56_87.jpg,87.0
54_172.jpg,172.0
57_92.jpg,92.0
53_160.jpg,160.0
62_181.jpg,181.0
64_218.jpg,218.0
67_164.jpg,164.0
61_150.jpg,150.0
66_147.jpg,147.0
63_200.jpg,200.0
69_213.jpg,213.0
68_174.jpg,174.0
74_172.jpg,172.0
73_170.jpg,170.0
72_147.jpg,147.0
83_229.jpg,229.0
81_164.jpg,164.0
75_224.jpg,224.0
82_218.jpg,218.0
80_147.jpg,147.0
79_109.jpg,109.0
87_156.jpg,156.0
85_134.jpg,134.0
88_160.jpg,160.0
89_172.jpg,172.0
91_104.jpg,104.0
86_147.jpg,147.0
92_147.jpg,147.0
94_195.jpg,195.0
93_170.jpg,170.0
98_149.jpg,149.0
97_147.jpg,147.0
105_190.jpg,190.0
103_148.jpg,148.0
104_176.jpg,176.0
102_147.jpg,147.0
99_190.jpg,190.0
100_239.jpg,239.0
113_109.jpg,109.0
114_140.jpg,140.0
106_214.jpg,214.0
116_153.jpg,153.0
115_147.jpg,147.0
123_102.jpg,102.0
119_140.jpg,140.0
121_147.jpg,147.0
122_195.jpg,195.0
118_117.jpg,117.0
131_143.jpg,143.0
125_164.jpg,164.0
130_106.jpg,106.0
124_135.jpg,135.0
127_179.jpg,179.0
126_177.jpg,177.0
128_87.jpg,87.0
138_194.jpg,194.0
134_268.jpg,268.0
133_196.jpg,196.0
132_147.jpg,147.0
136_135.jpg,135.0
137_147.jpg,147.0
140_227.jpg,227.0
139_199.jpg,199.0
142_123.jpg,123.0
143_141.jpg,141.0
144_147.jpg,147.0
145_154.jpg,154.0
146_253.jpg,253.0
150_129.jpg,129.0
151_146.jpg,146.0
152_147.jpg,147.0
155_117.jpg,117.0
156_147.jpg,147.0
153_90.jpg,90.0
164_180.jpg,180.0
157_168.jpg,168.0
161_128.jpg,128.0
163_147.jpg,147.0
159_96.jpg,96.0
162_146.jpg,146.0
158_211.jpg,211.0
168_147.jpg,147.0
172_109.jpg,109.0
167_120.jpg,120.0
171_194.jpg,194.0
165_195.jpg,195.0
170_177.jpg,177.0
169_148.jpg,148.0
173_131.jpg,131.0
176_148.jpg,148.0
177_172.jpg,172.0
174_140.jpg,140.0
178_147.jpg,147.0
175_147.jpg,147.0
192_114.jpg,114.0
191_109.jpg,109.0
182_229.jpg,229.0
179_148.jpg,148.0
181_181.jpg,181.0
180_172.jpg,172.0
183_90.jpg,90.0
196_102.jpg,102.0
195_148.jpg,148.0
193_136.jpg,136.0
199_172.jpg,172.0
197_141.jpg,141.0
198_164.jpg,164.0
194_147.jpg,147.0
206_177.jpg,177.0
205_152.jpg,152.0
202_102.jpg,102.0
203_147.jpg,147.0
204_148.jpg,148.0
207_229.jpg,229.0
200_87.jpg,87.0
215_122.jpg,122.0
209_133.jpg,133.0
210_144.jpg,144.0
212_148.jpg,148.0
213_67.jpg,67.0
208_120.jpg,120.0
211_147.jpg,147.0
216_129.jpg,129.0
218_148.jpg,148.0
222_147.jpg,147.0
221_131.jpg,131.0
217_147.jpg,147.0
219_71.jpg,71.0
223_148.jpg,148.0
224_172.jpg,172.0
225_197.jpg,197.0
234_147.jpg,147.0
236_152.jpg,152.0
235_149.jpg,149.0
237_166.jpg,166.0
242_134.jpg,134.0
238_67.jpg,67.0
240_119.jpg,119.0
241_125.jpg,125.0
243_147.jpg,147.0
247_148.jpg,148.0
244_149.jpg,149.0
245_248.jpg,248.0
249_204.jpg,204.0
248_149.jpg,149.0
253_149.jpg,149.0
255_176.jpg,176.0
254_168.jpg,168.0
250_65.jpg,65.0
262_168.jpg,168.0
263_92.jpg,92.0
259_122.jpg,122.0
257_87.jpg,87.0
256_214.jpg,214.0
260_137.jpg,137.0
261_149.jpg,149.0
264_119.jpg,119.0
266_164.jpg,164.0
265_149.jpg,149.0
267_200.jpg,200.0
268_303.jpg,303.0
278_153.jpg,153.0
277_133.jpg,133.0
276_104.jpg,104.0
279_177.jpg,177.0
282_131.jpg,131.0
280_87.jpg,87.0
281_106.jpg,106.0
295_64.jpg,64.0
283_136.jpg,136.0
285_144.jpg,144.0
294_36.jpg,36.0
300_149.jpg,149.0
298_117.jpg,117.0
304_140.jpg,140.0
303_99.jpg,99.0
302_181.jpg,181.0
305_149.jpg,149.0
301_164.jpg,164.0
306_150.jpg,150.0
311_117.jpg,117.0
308_164.jpg,164.0
307_162.jpg,162.0
309_177.jpg,177.0
313_149.jpg,149.0
312_120.jpg,120.0
314_150.jpg,150.0
315_200.jpg,200.0
316_224.jpg,224.0
320_200.jpg,200.0
318_151.jpg,151.0
322_120.jpg,120.0
319_159.jpg,159.0
317_148.jpg,148.0
321_204.jpg,204.0
324_152.jpg,152.0
326_164.jpg,164.0
325_160.jpg,160.0
327_217.jpg,217.0
323_150.jpg,150.0
333_186.jpg,186.0
334_217.jpg,217.0
332_152.jpg,152.0
330_103.jpg,103.0
331_150.jpg,150.0
336_148.jpg,148.0
339_166.jpg,166.0
337_150.jpg,150.0
338_152.jpg,152.0
335_99.jpg,99.0
346_159.jpg,159.0
344_152.jpg,152.0
341_197.jpg,197.0
343_150.jpg,150.0
345_154.jpg,154.0
340_190.jpg,190.0
347_204.jpg,204.0
2463_185.jpg,185.0
902_178.jpg,178.0
